<annotation><folder>OXIIIT</folder><filename>american_pit_bull_terrier_182.jpg</filename><source><database>OXFORD-IIIT Pet Dataset</database><annotation>OXIIIT</annotation><image>flickr</image></source><size><width>300</width><height>224</height><depth>3</depth></size><segmented>0</segmented><object><name>dog</name><pose>Frontal</pose><truncated>0</truncated><occluded>0</occluded><bndbox><xmin>45</xmin><ymin>15</ymin><xmax>214</xmax><ymax>176</ymax></bndbox><difficult>0</difficult></object></annotation>
