<annotation><folder>OXIIIT</folder><filename>american_pit_bull_terrier_100.jpg</filename><source><database>OXFORD-IIIT Pet Dataset</database><annotation>OXIIIT</annotation><image>flickr</image></source><size><width>333</width><height>500</height><depth>3</depth></size><segmented>0</segmented><object><name>dog</name><pose>Frontal</pose><truncated>0</truncated><occluded>0</occluded><bndbox><xmin>208</xmin><ymin>130</ymin><xmax>315</xmax><ymax>204</ymax></bndbox><difficult>0</difficult></object></annotation>
