<annotation><folder>OXIIIT</folder><filename>american_pit_bull_terrier_103.jpg</filename><source><database>OXFORD-IIIT Pet Dataset</database><annotation>OXIIIT</annotation><image>flickr</image></source><size><width>500</width><height>333</height><depth>3</depth></size><segmented>0</segmented><object><name>dog</name><pose>Frontal</pose><truncated>0</truncated><occluded>0</occluded><bndbox><xmin>25</xmin><ymin>16</ymin><xmax>347</xmax><ymax>333</ymax></bndbox><difficult>0</difficult></object></annotation>
