<annotation><folder>OXIIIT</folder><filename>american_pit_bull_terrier_159.jpg</filename><source><database>OXFORD-IIIT Pet Dataset</database><annotation>OXIIIT</annotation><image>flickr</image></source><size><width>291</width><height>300</height><depth>3</depth></size><segmented>0</segmented><object><name>dog</name><pose>Frontal</pose><truncated>0</truncated><occluded>0</occluded><bndbox><xmin>30</xmin><ymin>11</ymin><xmax>279</xmax><ymax>173</ymax></bndbox><difficult>0</difficult></object></annotation>
