<annotation><folder>OXIIIT</folder><filename>american_pit_bull_terrier_156.jpg</filename><source><database>OXFORD-IIIT Pet Dataset</database><annotation>OXIIIT</annotation><image>flickr</image></source><size><width>215</width><height>216</height><depth>3</depth></size><segmented>0</segmented><object><name>dog</name><pose>Frontal</pose><truncated>0</truncated><occluded>0</occluded><bndbox><xmin>62</xmin><ymin>27</ymin><xmax>193</xmax><ymax>140</ymax></bndbox><difficult>0</difficult></object></annotation>
