<annotation><folder>OXIIIT</folder><filename>american_pit_bull_terrier_122.jpg</filename><source><database>OXFORD-IIIT Pet Dataset</database><annotation>OXIIIT</annotation><image>flickr</image></source><size><width>300</width><height>246</height><depth>3</depth></size><segmented>0</segmented><object><name>dog</name><pose>Frontal</pose><truncated>0</truncated><occluded>0</occluded><bndbox><xmin>83</xmin><ymin>41</ymin><xmax>237</xmax><ymax>148</ymax></bndbox><difficult>0</difficult></object></annotation>
