<annotation><folder>OXIIIT</folder><filename>american_pit_bull_terrier_18.jpg</filename><source><database>OXFORD-IIIT Pet Dataset</database><annotation>OXIIIT</annotation><image>flickr</image></source><size><width>375</width><height>500</height><depth>3</depth></size><segmented>0</segmented><object><name>dog</name><pose>Frontal</pose><truncated>0</truncated><occluded>0</occluded><bndbox><xmin>71</xmin><ymin>47</ymin><xmax>351</xmax><ymax>335</ymax></bndbox><difficult>0</difficult></object></annotation>
