<annotation><folder>OXIIIT</folder><filename>american_pit_bull_terrier_126.jpg</filename><source><database>OXFORD-IIIT Pet Dataset</database><annotation>OXIIIT</annotation><image>flickr</image></source><size><width>119</width><height>200</height><depth>3</depth></size><segmented>0</segmented><object><name>dog</name><pose>Frontal</pose><truncated>0</truncated><occluded>0</occluded><bndbox><xmin>6</xmin><ymin>38</ymin><xmax>90</xmax><ymax>100</ymax></bndbox><difficult>0</difficult></object></annotation>
