<annotation><folder>OXIIIT</folder><filename>american_pit_bull_terrier_123.jpg</filename><source><database>OXFORD-IIIT Pet Dataset</database><annotation>OXIIIT</annotation><image>flickr</image></source><size><width>243</width><height>300</height><depth>3</depth></size><segmented>0</segmented><object><name>dog</name><pose>Frontal</pose><truncated>0</truncated><occluded>0</occluded><bndbox><xmin>58</xmin><ymin>37</ymin><xmax>133</xmax><ymax>112</ymax></bndbox><difficult>0</difficult></object></annotation>
