<annotation><folder>OXIIIT</folder><filename>american_pit_bull_terrier_107.jpg</filename><source><database>OXFORD-IIIT Pet Dataset</database><annotation>OXIIIT</annotation><image>flickr</image></source><size><width>333</width><height>500</height><depth>3</depth></size><segmented>0</segmented><object><name>dog</name><pose>Frontal</pose><truncated>0</truncated><occluded>0</occluded><bndbox><xmin>77</xmin><ymin>22</ymin><xmax>332</xmax><ymax>299</ymax></bndbox><difficult>0</difficult></object></annotation>
