<annotation><folder>OXIIIT</folder><filename>american_pit_bull_terrier_108.jpg</filename><source><database>OXFORD-IIIT Pet Dataset</database><annotation>OXIIIT</annotation><image>flickr</image></source><size><width>500</width><height>333</height><depth>3</depth></size><segmented>0</segmented><object><name>dog</name><pose>Frontal</pose><truncated>0</truncated><occluded>0</occluded><bndbox><xmin>218</xmin><ymin>83</ymin><xmax>287</xmax><ymax>152</ymax></bndbox><difficult>0</difficult></object></annotation>
