<annotation><folder>OXIIIT</folder><filename>Bengal_105.jpg</filename><source><database>OXFORD-IIIT Pet Dataset</database><annotation>OXIIIT</annotation><image>flickr</image></source><size><width>500</width><height>466</height><depth>3</depth></size><segmented>0</segmented><object><name>cat</name><pose>Frontal</pose><truncated>0</truncated><occluded>0</occluded><bndbox><xmin>49</xmin><ymin>125</ymin><xmax>111</xmax><ymax>168</ymax></bndbox><difficult>0</difficult></object><object><name>cat</name><pose>Frontal</pose><truncated>0</truncated><occluded>0</occluded><bndbox><xmin>397</xmin><ymin>103</ymin><xmax>451</xmax><ymax>132</ymax></bndbox><difficult>0</difficult></object></annotation>
