<annotation><folder>OXIIIT</folder><filename>British_Shorthair_117.jpg</filename><source><database>OXFORD-IIIT Pet Dataset</database><annotation>OXIIIT</annotation><image>flickr</image></source><size><width>500</width><height>375</height><depth>3</depth></size><segmented>0</segmented><object><name>cat</name><pose>Frontal</pose><truncated>0</truncated><occluded>0</occluded><bndbox><xmin>178</xmin><ymin>107</ymin><xmax>294</xmax><ymax>223</ymax></bndbox><difficult>0</difficult></object></annotation>
