<annotation><folder>OXIIIT</folder><filename>British_Shorthair_108.jpg</filename><source><database>OXFORD-IIIT Pet Dataset</database><annotation>OXIIIT</annotation><image>flickr</image></source><size><width>333</width><height>500</height><depth>3</depth></size><segmented>0</segmented><object><name>cat</name><pose>Frontal</pose><truncated>0</truncated><occluded>0</occluded><bndbox><xmin>99</xmin><ymin>33</ymin><xmax>239</xmax><ymax>179</ymax></bndbox><difficult>0</difficult></object></annotation>
