<annotation><folder>OXIIIT</folder><filename>British_Shorthair_141.jpg</filename><source><database>OXFORD-IIIT Pet Dataset</database><annotation>OXIIIT</annotation><image>flickr</image></source><size><width>438</width><height>500</height><depth>3</depth></size><segmented>0</segmented><object><name>cat</name><pose>Frontal</pose><truncated>0</truncated><occluded>0</occluded><bndbox><xmin>23</xmin><ymin>9</ymin><xmax>325</xmax><ymax>315</ymax></bndbox><difficult>0</difficult></object></annotation>
