<annotation><folder>OXIIIT</folder><filename>British_Shorthair_149.jpg</filename><source><database>OXFORD-IIIT Pet Dataset</database><annotation>OXIIIT</annotation><image>flickr</image></source><size><width>500</width><height>375</height><depth>3</depth></size><segmented>0</segmented><object><name>cat</name><pose>Frontal</pose><truncated>0</truncated><occluded>0</occluded><bndbox><xmin>119</xmin><ymin>26</ymin><xmax>353</xmax><ymax>217</ymax></bndbox><difficult>0</difficult></object></annotation>
