<annotation><folder>OXIIIT</folder><filename>British_Shorthair_181.jpg</filename><source><database>OXFORD-IIIT Pet Dataset</database><annotation>OXIIIT</annotation><image>flickr</image></source><size><width>333</width><height>500</height><depth>3</depth></size><segmented>0</segmented><object><name>cat</name><pose>Frontal</pose><truncated>0</truncated><occluded>0</occluded><bndbox><xmin>90</xmin><ymin>97</ymin><xmax>292</xmax><ymax>281</ymax></bndbox><difficult>0</difficult></object></annotation>
