<annotation><folder>OXIIIT</folder><filename>Egyptian_Mau_165.jpg</filename><source><database>OXFORD-IIIT Pet Dataset</database><annotation>OXIIIT</annotation><image>flickr</image></source><size><width>2560</width><height>1920</height><depth>3</depth></size><segmented>0</segmented><object><name>cat</name><pose>Frontal</pose><truncated>0</truncated><occluded>0</occluded><bndbox><xmin>1715</xmin><ymin>340</ymin><xmax>2555</xmax><ymax>1310</ymax></bndbox><difficult>0</difficult></object></annotation>
