<annotation><folder>OXIIIT</folder><filename>english_cocker_spaniel_145.jpg</filename><source><database>OXFORD-IIIT Pet Dataset</database><annotation>OXIIIT</annotation><image>flickr</image></source><size><width>391</width><height>500</height><depth>3</depth></size><segmented>0</segmented><object><name>dog</name><pose>Frontal</pose><truncated>0</truncated><occluded>0</occluded><bndbox><xmin>142</xmin><ymin>226</ymin><xmax>245</xmax><ymax>348</ymax></bndbox><difficult>0</difficult></object></annotation>
