<annotation><folder>OXIIIT</folder><filename>english_cocker_spaniel_163.jpg</filename><source><database>OXFORD-IIIT Pet Dataset</database><annotation>OXIIIT</annotation><image>flickr</image></source><size><width>368</width><height>500</height><depth>3</depth></size><segmented>0</segmented><object><name>dog</name><pose>Frontal</pose><truncated>0</truncated><occluded>0</occluded><bndbox><xmin>160</xmin><ymin>159</ymin><xmax>319</xmax><ymax>387</ymax></bndbox><difficult>0</difficult></object></annotation>
