<annotation><folder>OXIIIT</folder><filename>english_cocker_spaniel_122.jpg</filename><source><database>OXFORD-IIIT Pet Dataset</database><annotation>OXIIIT</annotation><image>flickr</image></source><size><width>375</width><height>500</height><depth>3</depth></size><segmented>0</segmented><object><name>dog</name><pose>Frontal</pose><truncated>0</truncated><occluded>0</occluded><bndbox><xmin>151</xmin><ymin>166</ymin><xmax>249</xmax><ymax>263</ymax></bndbox><difficult>0</difficult></object></annotation>
