<annotation><folder>OXIIIT</folder><filename>english_cocker_spaniel_151.jpg</filename><source><database>OXFORD-IIIT Pet Dataset</database><annotation>OXIIIT</annotation><image>flickr</image></source><size><width>327</width><height>500</height><depth>3</depth></size><segmented>0</segmented><object><name>dog</name><pose>Frontal</pose><truncated>0</truncated><occluded>0</occluded><bndbox><xmin>70</xmin><ymin>23</ymin><xmax>292</xmax><ymax>213</ymax></bndbox><difficult>0</difficult></object></annotation>
