<annotation><folder>OXIIIT</folder><filename>english_cocker_spaniel_110.jpg</filename><source><database>OXFORD-IIIT Pet Dataset</database><annotation>OXIIIT</annotation><image>flickr</image></source><size><width>333</width><height>500</height><depth>3</depth></size><segmented>0</segmented><object><name>dog</name><pose>Frontal</pose><truncated>0</truncated><occluded>0</occluded><bndbox><xmin>75</xmin><ymin>158</ymin><xmax>188</xmax><ymax>262</ymax></bndbox><difficult>0</difficult></object></annotation>
